{
  "project_info": {
    "project_number": "911876073557",
    "project_id": "daily-buddy-378c7",
    "storage_bucket": "daily-buddy-378c7.firebasestorage.app"
  },
  "client": [
    {
      "client_info": {
        "mobilesdk_app_id": "1:911876073557:android:2753f9c71c70b6a7548cdc",
        "android_client_info": {
          "package_name": "com.example.dailybuddy"
        }
      },
      "oauth_client": [],
      "api_key": [
        {
          "current_key": "AIzaSyCQGuXQ-w2P-9ICs09qQCX4xkuvZTWbP-U"
        }
      ],
      "services": {
        "appinvite_service": {
          "other_platform_oauth_client": []
        }
      }
    }
  ],
  "configuration_version": "1"
}